[
    {
        "_comment": "------------------------------------------------MODELS-------------------------------------------------",
        "side": "server",   
        "op": "replace",
        "file": "game:blocktypes/plant/smallberrybush.json",
        "path": "/shapeByType",
        "value": {
		    "*-empty": { base: "mif:block/plant/berrybush/small*", selectiveElements: ["Leaves/*", "Leaves1/*", "DBranches/*", "Branches", "LargeLeaves/*"] },
		    "*": { base: "mif:block/plant/berrybush/small*" },
	    },
        "condition": { "when": "Use_Vanilla_Bushes", "isValue": "false" }
    },
    {
        "side": "server",   
        "op": "replace",
        "file": "game:blocktypes/plant/bigberrybush.json",
        "path": "/shapeByType",
        "value": {
		    "*-empty": { base: "mif:block/plant/berrybush/large*", selectiveElements: ["Leaves/*", "Leaves1/*", "DBranches/*", "Branches", "LargeLeaves/*"] },
		    "*": { base: "mif:block/plant/berrybush/large*" },
	    },
        "condition": { "when": "Use_Vanilla_Bushes", "isValue": "false" }
    },
    {
        "_comment": "-----------------------------------------------TEXTURES------------------------------------------------",
        "side": "server",   
        "op": "replace",
        "file": "game:blocktypes/plant/bigberrybush.json",
        "path": "/textures",
        "value": {
		    "leavessmall": { base: "mif:block/plant/berrybush/small/leaves/{type}*" },
		    "leaveslarge": { base: "mif:block/plant/berrybush/large/leaves/{type}*" },
            "branch": { base: "mif:block/plant/leaves/large/branch" }
	    },
        "condition": { "when": "Use_Vanilla_Bushes", "isValue": "false" }
    },
    {
        "side": "server",   
        "op": "replace",
        "file": "game:blocktypes/plant/bigberrybush.json",
        "path": "/texturesByType",
        "value": {
		    "*-flowering": {
			    "flowerberrysmall": { base: "mif:block/plant/berrybush/small/flower/{type}*" },
			    "flowerberrylarge": { base: "mif:block/plant/berrybush/large/flower/{type}*" },
		    },
		    "*-ripe": {
			    "flowerberrysmall": { base: "mif:block/plant/berrybush/small/fruit/{type}*" },
			    "flowerberrylarge": { base: "mif:block/plant/berrybush/large/fruit/{type}*" },
		    }
	    },
        "condition": { "when": "Use_Vanilla_Bushes", "isValue": "false" }
    },
    {
        "side": "server",   
        "op": "replace",
        "file": "game:blocktypes/plant/smallberrybush.json",
        "path": "/textures",
        "value": {
		    "leavessmall": { base: "mif:block/plant/berrybush/small/leaves/{type}*" },
		    "leaveslarge": { base: "mif:block/plant/berrybush/large/leaves/{type}*" },
            "branch": { base: "mif:block/plant/leaves/large/branch" }
	    },
        "condition": { "when": "Use_Vanilla_Bushes", "isValue": "false" }
    },
    {
        "side": "server",   
        "op": "replace",
        "file": "game:blocktypes/plant/smallberrybush.json",
        "path": "/texturesByType",
        "value": {
		    "*-flowering": {
			    "flowerberrysmall": { base: "mif:block/plant/berrybush/small/flower/{type}*" },
			    "flowerberrylarge": { base: "mif:block/plant/berrybush/large/flower/{type}*" },
		    },
		    "*-ripe": {
			    "flowerberrysmall": { base: "mif:block/plant/berrybush/small/fruit/{type}*" },
			    "flowerberrylarge": { base: "mif:block/plant/berrybush/large/fruit/{type}*" },
		    }
	    },
        "condition": { "when": "Use_Vanilla_Bushes", "isValue": "false" }
    }
]

