[
    {
        "_comment": "----------------------------------------------BEHAVIORS-------------------------------------------------",    
        "side": "server",    
        "op": "addmerge",
        "file": "game:blocktypes/plant/leaves/branchy.json",
        "path": "/collisionbox",
        "value": null,
        "condition": { "when": "Branchy_Collision", "isValue": false }
    },
    {
        "side": "server",
        "op": "addmerge",
        "file": "game:blocktypes/plant/leaves/branchy.json",
        "path": "/sounds/inside",
        "value": "walk/inside/leafy/bushrustle*"
    },
    {
        "side": "server",    
        "op": "replace",
        "file": "game:blocktypes/plant/leaves/normal.json",
        "path": "/snowCoverage",
        "value": false
    },
    {
        "side": "server",    
        "op": "replace",
        "file": "game:blocktypes/plant/leaves/branchy.json",
        "path": "/snowCoverage",
        "value": false
    },
    {
        "_comment": "------------------------------------------------MODELS-------------------------------------------------",
        "side": "server",   
        "op": "replace",
        "file": "game:blocktypes/plant/leaves/normal.json",
        "path": "/shape/base",
        "value": "mif:block/plant/leaves/normal"
    },
    {
        "side": "server",   
        "op": "replace",
        "file": "game:blocktypes/plant/leaves/normal.json",
        "path": "/lod0Shape/base",
        "value": "mif:block/plant/leaves/normal-lod0-lite",
        "condition": { "when": "Leaf_Model_Type", "isValue": "Lite" }
    },
    {
        "side": "server",   
        "op": "replace",
        "file": "game:blocktypes/plant/leaves/normal.json",
        "path": "/lod0Shape/base",
        "value": "mif:block/plant/leaves/normal-lod0-full",
        "condition": { "when": "Leaf_Model_Type", "isValue": "Full" }
    },
    {
        "side": "server",   
        "op": "replace",
        "file": "game:blocktypes/plant/leaves/branchy.json",
        "path": "/shape/baseByType",
        "value": {
			"*": "mif:block/plant/leaves/branchy"
		}
    },
    {
        "side": "server",   
        "op": "replace",
        "file": "game:blocktypes/plant/leaves/branchy.json",
        "path": "/lod0Shape/baseByType",
        "value": {
			"*": "mif:block/plant/leaves/branchy-lod0-lite"
		},
        "condition": { "when": "Leaf_Model_Type", "isValue": "Lite" }
    },
    {
        "side": "server",   
        "op": "replace",
        "file": "game:blocktypes/plant/leaves/branchy.json",
        "path": "/lod0Shape/baseByType",
        "value": {
			"*": "mif:block/plant/leaves/branchy-lod0-full"
		},
        "condition": { "when": "Leaf_Model_Type", "isValue": "Full" }
    },
    {
        "side": "server",   
        "op": "replace",
        "file": "game:blocktypes/plant/leaves/normal.json",
        "path": "/shapeInventory/base",
        "value": "mif:block/plant/leaves/normal-lod0-full"
    },
    {
        "side": "server",   
        "op": "replace",
        "file": "game:blocktypes/plant/leaves/branchy.json",
        "path": "/shapeInventory/baseByType",
        "value": {
			"*": "mif:block/plant/leaves/branchy-lod0-full"
		}
    },
    {
        "_comment": "-----------------------------------------------TEXTURES------------------------------------------------",
        "side": "server",   
        "op": "replace",
        "file": "game:blocktypes/plant/leaves/normal.json",
        "path": "/textures/largeleavesByType",
        "value": {
			"*-larch": { base: "mif:block/plant/leaves/large/pine*" },
			"*-redwood": { base: "mif:block/plant/leaves/large/pine*" },
			"*-crimsonkingmaple": { base: "mif:block/plant/leaves/large/maple*" },
			"*": { base: "mif:block/plant/leaves/large/{wood}*" },
		}
    },
    {
        "side": "server",       
        "op": "replace",
        "file": "game:blocktypes/plant/leaves/normal.json",
        "path": "/textures/smallleavesByType",
        "value": {
			"*-larch": { base: "mif:block/plant/leaves/small/pine*" },
			"*-redwood": { base: "mif:block/plant/leaves/small/pine*" },
			"*-crimsonkingmaple": { base: "mif:block/plant/leaves/small/maple*" },
			"*": { base: "mif:block/plant/leaves/small/{wood}*" },
		}
    },
    {
        "side": "server",   
        "op": "replace",
        "file": "game:blocktypes/plant/leaves/branchy.json",
        "path": "/textures/largeleavesByType",
        "value": {
			"*-larch": { base: "mif:block/plant/leaves/large/pine*" },
			"*-redwood": { base: "mif:block/plant/leaves/large/pine*" },
			"*-crimsonkingmaple": { base: "mif:block/plant/leaves/large/maple*" },
			"*": { base: "mif:block/plant/leaves/large/{wood}*" },
		}
    },
    {
        "side": "server",   
        "op": "replace",
        "file": "game:blocktypes/plant/leaves/branchy.json",
        "path": "/textures/smallleavesByType",
        "value": {
			"*-larch": { base: "mif:block/plant/leaves/small/pine*" },
			"*-redwood": { base: "mif:block/plant/leaves/small/pine*" },
			"*-crimsonkingmaple": { base: "mif:block/plant/leaves/small/maple*" },
			"*": { base: "mif:block/plant/leaves/small/{wood}*" },
		}
    },
    {
        "_comment": "-------------------------------------------BRANCH TINTING-------------------------------------------",
        "side": "server",   
        "op": "addmerge",
        "file": "game:blocktypes/plant/leaves/branchy.json",
        "path": "/climateColorMapByType",
        "value": {
		    "*-crimsonkingmaple": "climateCrimsonKingTint",
		    "*-redwood": "climateDarkerPlantTint",
		    "*": "climatePlantTint"
	    }
    },
    {
        "side": "server",   
        "op": "addmerge",
        "file": "game:blocktypes/plant/leaves/branchy.json",
        "path": "/seasonColorMapByType",
        "value": {
		    "*-pine": "seasonalNeedles",
		    "*-redwood": "seasonalNeedles",
		    "*-birch": "seasonalBirch",
		    "*-maple": "seasonalMaple",
		    "*-oak": "seasonalOak",
		    "*-walnut": "seasonalWalnut",
		    "*-larch": "seasonalLarch",
		    "*-crimsonkingmaple": "seasonalCrimsonKingMaple",
		    "*-kapok": "tropicalKapok",
		    "*": "seasonalFoliage",
	    }
    }
]

