[
  {
    "op": "replace",
    "path": "/particlePropertiesByType/firepit-lit/1/lifeLength/avg",
    "value": 14,
    "file": "game:blocktypes/wood/firepit.json",
    "side": "Server"
  },
  {
    "op": "replace",
    "path": "/particlePropertiesByType/firepit-lit/1/posOffset/0/var",
    "value": 0.07,
    "file": "game:blocktypes/wood/firepit.json",
    "side": "Server"
  },
  {
    "op": "replace",
    "path": "/particlePropertiesByType/firepit-lit/1/posOffset/2/var",
    "value": 0.07,
    "file": "game:blocktypes/wood/firepit.json",
    "side": "Server"
  },
  {
    "op": "replace",
    "path": "/particlePropertiesByType/firepit-lit/1/quantity/avg",
    "value": 1.28,
    "file": "game:blocktypes/wood/firepit.json",
    "side": "Server"
  },
  {
    "op": "replace",
    "path": "/particlePropertiesByType/firepit-lit/1/velocity/0/var",
    "value": 0.1,
    "file": "game:blocktypes/wood/firepit.json",
    "side": "Server"
  },
  {
    "op": "replace",
    "path": "/particlePropertiesByType/firepit-lit/1/velocity/1/avg",
    "value": 0.65,
    "file": "game:blocktypes/wood/firepit.json",
    "side": "Server"
  },
  {
    "op": "replace",
    "path": "/particlePropertiesByType/firepit-lit/1/velocity/2/var",
    "value": 0.1,
    "file": "game:blocktypes/wood/firepit.json",
    "side": "Server"
  }
]