[
  {
    "op": "replace",
    "path": "/particleProperties/0/posOffset/1/var",
    "value": 0,
    "file": "game:blocktypes/fire.json",
    "side": "Server"
  },
  {
    "op": "replace",
    "path": "/particleProperties/0/velocity/1/avg",
    "value": 0,
    "file": "game:blocktypes/fire.json",
    "side": "Server"
  },
  {
    "op": "replace",
    "path": "/particleProperties/0/velocity/1/var",
    "value": 0,
    "file": "game:blocktypes/fire.json",
    "side": "Server"
  },
  {
    "op": "replace",
    "path": "/particleProperties/1/sizeEvolve/factor",
    "value": 0.9,
    "file": "game:blocktypes/fire.json",
    "side": "Server"
  },
  {
    "op": "replace",
    "path": "/particleProperties/1/velocity/1/avg",
    "value": 0,
    "file": "game:blocktypes/fire.json",
    "side": "Server"
  },
  {
    "op": "replace",
    "path": "/particleProperties/1/velocity/1/var",
    "value": 0,
    "file": "game:blocktypes/fire.json",
    "side": "Server"
  },
  {
    "op": "replace",
    "path": "/particleProperties/2/lifeLength/avg",
    "value": 6,
    "file": "game:blocktypes/fire.json",
    "side": "Server"
  },
  {
    "op": "replace",
    "path": "/particleProperties/2/quantity/avg",
    "value": 1,
    "file": "game:blocktypes/fire.json",
    "side": "Server"
  },
  {
    "op": "replace",
    "path": "/particleProperties/2/velocity/0/var",
    "value": 0.3,
    "file": "game:blocktypes/fire.json",
    "side": "Server"
  },
  {
    "op": "replace",
    "path": "/particleProperties/2/velocity/1/avg",
    "value": 2.6,
    "file": "game:blocktypes/fire.json",
    "side": "Server"
  },
  {
    "op": "replace",
    "path": "/particleProperties/2/velocity/2/var",
    "value": 0.3,
    "file": "game:blocktypes/fire.json",
    "side": "Server"
  }
]