[
  {
    "op": "add",
    "path": "/particlePropertiesbyType/*-lit-*/1/lifeLength",
    "value": {
      "avg": 5.25
    },
    "file": "game:blocktypes/wood/torch.json",
    "side": "Server"
  },
  {
    "op": "replace",
    "path": "/particlePropertiesbyType/*-lit-*/1/quantity/avg",
    "value": 0.1,
    "file": "game:blocktypes/wood/torch.json",
    "side": "Server"
  },
  {
    "op": "replace",
    "path": "/particlePropertiesbyType/*-lit-*/1/velocity/0/var",
    "value": 0.2,
    "file": "game:blocktypes/wood/torch.json",
    "side": "Server"
  },
  {
    "op": "replace",
    "path": "/particlePropertiesbyType/*-lit-*/1/velocity/1/avg",
    "value": 0.1,
    "file": "game:blocktypes/wood/torch.json",
    "side": "Server"
  },
  {
    "op": "replace",
    "path": "/particlePropertiesbyType/*-lit-*/1/velocity/1/var",
    "value": 0.55,
    "file": "game:blocktypes/wood/torch.json",
    "side": "Server"
  },
  {
    "op": "replace",
    "path": "/particlePropertiesbyType/*-lit-*/1/velocity/2/var",
    "value": 0.2,
    "file": "game:blocktypes/wood/torch.json",
    "side": "Server"
  },
  {
    "op": "replace",
    "path": "/particlePropertiesbyType/*-lit-*/2/quantity/avg",
    "value": 0.8,
    "file": "game:blocktypes/wood/torch.json",
    "side": "Server"
  },
  {
    "op": "replace",
    "path": "/particlePropertiesbyType/*-lit-*/2/size/avg",
    "value": 0.1,
    "file": "game:blocktypes/wood/torch.json",
    "side": "Server"
  }
]