{
	"editor": {
		"allAngles": false,
		"entityTextureMode": false
	},
	"textureWidth": 48,
	"textureHeight": 48,
	"textureSizes": {
	},
	"textures": {
	},
	"elements": [
		{
			"name": "VNorth",
			"from": [ -4.0, -4.0, 8.0 ],
			"to": [ 20.0, 20.0, 8.0 ],
			"shade": false,
			"gradientShade": true,
			"renderPass": 1,
			"rotationOrigin": [ 8.0, 8.0, 8.0 ],
			"faces": {
				"south": { "texture": "#smallleaves", "uv": [ 0.0, 0.0, 48.0, 48.0 ], "autoUv": false, "windMode": [0,0,1,1], "windData": [0,0,1,1] }
			}
		},
		{
			"name": "VEast",
			"from": [ 8.0, -4.0, -4.0 ],
			"to": [ 8.0, 20.0, 20.0 ],
			"shade": false,
			"gradientShade": true,
			"renderPass": 1,
			"rotationOrigin": [ 8.0, 8.0, 8.0 ],
			"faces": {
				"east": { "texture": "#smallleaves", "uv": [ 0.0, 0.0, 48.0, 48.0 ], "rotation": 180, "autoUv": false, "windMode": [0,1,1,0], "windData": [0,1,1,0] }
			}
		},
		{
			"name": "HLeaf",
			"from": [ -4.0, 8.0, -4.0 ],
			"to": [ 20.0, 8.0, 20.0 ],
			"shade": false,
			"gradientShade": true,
			"renderPass": 1,
			"rotationOrigin": [ 8.0, 8.0, 8.0 ],
			"faces": {
				"up": { "texture": "#smallleaves", "uv": [ 0.0, 0.0, 48.0, 48.0 ], "rotation": 180, "autoUv": false, "windMode": [1,1,1,1] }
			}
		}
	]}