{
	"editor": {
		"allAngles": false,
		"entityTextureMode": false
	},
	"textureWidth": 72,
	"textureHeight": 72,
	"textureSizes": {
	},
	"textures": {
	},
	"elements": [
		{
			"name": "HNorth1",
			"from": [ -10.0, 4.0, 8.0 ],
			"to": [ 26.0, 12.0, 8.0 ],
			"shade": false,
			"renderPass": 1,
			"rotationOrigin": [ 8.0, 8.0, 8.0 ],
			"rotationY": -45.0,
			"rotationZ": -0.41,
			"faces": {
				"south": { "texture": "#largeleaves", "uv": [ 0.0, 0.0, 16.0, 72.0 ], "rotation": 90, "autoUv": false }
			}
		},
		{
			"name": "VEast",
			"from": [ 8.0, -10.0, 4.0 ],
			"to": [ 8.0, 26.0, 12.0 ],
			"shade": false,
			"renderPass": 1,
			"rotationOrigin": [ 8.0, 8.0, 8.0 ],
			"rotationZ": 45.0,
			"faces": {
				"east": { "texture": "#largeleaves", "uv": [ 0.0, 0.0, 16.0, 72.0 ], "autoUv": false }
			}
		},
		{
			"name": "VWest",
			"from": [ 8.0, -10.0, 4.0 ],
			"to": [ 8.0, 26.0, 12.0 ],
			"shade": false,
			"renderPass": 1,
			"rotationOrigin": [ 8.0, 8.0, 8.0 ],
			"rotationZ": -45.0,
			"faces": {
				"west": { "texture": "#largeleaves", "uv": [ 0.0, 0.0, 16.0, 72.0 ], "autoUv": false }
			}
		},
		{
			"name": "VSouth",
			"from": [ 4.0, -10.0, 8.0 ],
			"to": [ 12.0, 26.0, 8.0 ],
			"shade": false,
			"renderPass": 1,
			"rotationOrigin": [ 8.0, 8.0, 8.0 ],
			"rotationX": -45.0,
			"faces": {
				"south": { "texture": "#largeleaves", "uv": [ 0.0, 0.0, 16.0, 72.0 ], "autoUv": false }
			}
		},
		{
			"name": "VNorth",
			"from": [ 4.0, -10.0, 8.0 ],
			"to": [ 12.0, 26.0, 8.0 ],
			"shade": false,
			"renderPass": 1,
			"rotationOrigin": [ 8.0, 8.0, 8.0 ],
			"rotationX": 45.0,
			"faces": {
				"north": { "texture": "#largeleaves", "uv": [ 0.0, 0.0, 16.0, 72.0 ], "autoUv": false }
			}
		},
		{
			"name": "HNorth2",
			"from": [ -10.0, 4.0, 8.0 ],
			"to": [ 26.0, 12.0, 8.0 ],
			"shade": false,
			"renderPass": 1,
			"rotationOrigin": [ 8.0, 8.0, 8.0 ],
			"rotationY": 45.0,
			"rotationZ": -0.41,
			"faces": {
				"south": { "texture": "#largeleaves", "uv": [ 0.0, 0.0, 16.0, 72.0 ], "rotation": 90, "autoUv": false }
			}
		}
	]}