{
	"editor": {
		"collapsedPaths": "Root/Berries,Root/Berries2,Root/Leaves,Root/Leaves1",
		"allAngles": false,
		"entityTextureMode": false
	},
	"textureWidth": 48,
	"textureHeight": 48,
	"textureSizes": {
		"branch": [48,48],
		"leaveslarge": [72,72],
		"flowerberrylarge": [72,72]
	},
	"textures": {
	},
	"elements": [
		{
			"name": "Leaves",
			"from": [ 0.1, 0.1, 0.1 ],
			"to": [ 15.8, 15.8, 15.8 ],
			"rotationOrigin": [ 8.0, 0.0, 8.0 ],
			"rotationY": 45.0,
			"faces": {
			},
			"children": [
				{
					"name": "VNorth",
					"from": [ -4.0, -4.0, 8.0 ],
					"to": [ 20.0, 10.0, 8.0 ],
					"shade": false,
					"climateColorMap": "climatePlantTint",
					"seasonColorMap": "seasonalFoliage",
					"renderPass": 1,
					"rotationOrigin": [ 8.0, 8.0, 8.0 ],
					"faces": {
						"north": { "texture": "#leavessmall", "uv": [ 0.0, 0.0, 48.0, 48.0 ], "autoUv": false, "windMode": [1,1,1,1], "windData": [0,0,1,1] },
						"south": { "texture": "#leavessmall", "uv": [ 0.0, 0.0, 48.0, 48.0 ], "autoUv": false, "windMode": [1,1,1,1], "windData": [0,0,1,1] }
					}
				},
				{
					"name": "VEast",
					"from": [ 8.0, -4.0, -4.0 ],
					"to": [ 8.0, 10.0, 20.0 ],
					"shade": false,
					"climateColorMap": "climatePlantTint",
					"seasonColorMap": "seasonalFoliage",
					"renderPass": 1,
					"rotationOrigin": [ 8.0, 8.0, 8.0 ],
					"faces": {
						"east": { "texture": "#leavessmall", "uv": [ 0.0, 0.0, 48.0, 48.0 ], "autoUv": false, "windMode": [1,1,1,1], "windData": [0,0,1,1] },
						"west": { "texture": "#leavessmall", "uv": [ 0.0, 0.0, 48.0, 48.0 ], "rotation": 90, "autoUv": false, "windMode": [1,1,1,1], "windData": [0,0,1,1] }
					}
				},
				{
					"name": "HLeaf",
					"from": [ -4.0, 3.0, -4.0 ],
					"to": [ 20.0, 3.0, 20.0 ],
					"shade": false,
					"climateColorMap": "climatePlantTint",
					"seasonColorMap": "seasonalFoliage",
					"renderPass": 1,
					"rotationOrigin": [ 8.0, 3.0, 8.0 ],
					"faces": {
						"up": { "texture": "#leavessmall", "uv": [ 0.0, 0.0, 48.0, 48.0 ], "autoUv": false, "windMode": [1,1,1,1], "windData": [0,0,1,1] }
					}
				}
			]
		},
		{
			"name": "Berries",
			"from": [ 0.0, 0.0, 0.0 ],
			"to": [ 16.0, 16.0, 16.0 ],
			"rotationOrigin": [ 8.0, 0.0, 8.0 ],
			"rotationY": 45.0,
			"faces": {
			},
			"children": [
				{
					"name": "VNorth1.1",
					"from": [ -4.0, -4.0, 8.2 ],
					"to": [ 20.0, 10.0, 8.2 ],
					"shade": false,
					"rotationOrigin": [ 8.0, 8.0, 8.2 ],
					"faces": {
						"north": { "texture": "#flowerberrysmall", "uv": [ 0.0, 0.0, 48.0, 48.0 ], "autoUv": false, "windMode": [1,1,1,1], "windData": [0,1,1,0] }
					}
				},
				{
					"name": "VEast1.1",
					"from": [ 8.0, -4.0, -4.0 ],
					"to": [ 8.0, 10.0, 20.0 ],
					"shade": false,
					"rotationOrigin": [ 8.0, 8.0, 8.0 ],
					"faces": {
						"east": { "texture": "#flowerberrysmall", "uv": [ 0.0, 0.0, 48.0, 48.0 ], "autoUv": false, "windMode": [1,1,1,1], "windData": [0,1,1,0] }
					}
				},
				{
					"name": "HBerry1.1",
					"from": [ -4.0, 3.0, -4.0 ],
					"to": [ 20.0, 3.0, 20.0 ],
					"shade": false,
					"rotationOrigin": [ 8.0, 3.0, 8.0 ],
					"faces": {
						"up": { "texture": "#flowerberrysmall", "uv": [ 0.0, 0.0, 48.0, 48.0 ], "autoUv": false, "windMode": [1,1,1,1], "windData": [0,1,1,0] }
					}
				},
				{
					"name": "VSouth1.2",
					"from": [ -4.0, -4.0, 8.0 ],
					"to": [ 20.0, 10.0, 8.0 ],
					"shade": false,
					"rotationOrigin": [ 8.0, 8.0, 8.0 ],
					"faces": {
						"south": { "texture": "#flowerberrysmall", "uv": [ 0.0, 0.0, 48.0, 48.0 ], "rotation": 180, "autoUv": false, "windMode": [1,1,1,1], "windData": [0,1,1,0] }
					}
				},
				{
					"name": "VWest1.2",
					"from": [ 8.2, -4.0, -4.0 ],
					"to": [ 8.2, 10.0, 20.0 ],
					"shade": false,
					"rotationOrigin": [ 8.2, 8.0, 8.0 ],
					"faces": {
						"west": { "texture": "#flowerberrysmall", "uv": [ 0.0, 0.0, 48.0, 48.0 ], "autoUv": false, "windMode": [1,1,1,1], "windData": [0,1,1,0] }
					}
				},
				{
					"name": "HBerry1.2",
					"from": [ -4.0, 3.2, -4.0 ],
					"to": [ 20.0, 3.2, 20.0 ],
					"shade": false,
					"rotationOrigin": [ 8.0, 3.2, 8.0 ],
					"faces": {
						"down": { "texture": "#flowerberrysmall", "uv": [ 0.0, 0.0, 48.0, 48.0 ], "autoUv": false, "windMode": [1,1,1,1], "windData": [0,1,1,0] }
					}
				}
			]
		},
		{
			"name": "DBranches",
			"from": [ 0.0, -6.0, 0.0 ],
			"to": [ 16.0, 10.0, 16.0 ],
			"shade": false,
			"rotationOrigin": [ 8.0, 2.0, 8.0 ],
			"rotationZ": 180.0,
			"faces": {
			},
			"children": [
				{
					"name": "VNorth5",
					"from": [ 4.0, -2.0, 8.0 ],
					"to": [ 12.0, 16.0, 8.0 ],
					"shade": false,
					"renderPass": 1,
					"rotationOrigin": [ 8.0, 7.0, 8.0 ],
					"rotationX": 90.0,
					"rotationY": -22.5,
					"rotationZ": -90.0,
					"faces": {
						"south": { "texture": "#branch", "uv": [ 15.75, 0.0, 31.75, 47.0 ], "autoUv": false, "windMode": [1,1,1,1], "windData": [0,0,1,1] }
					}
				},
				{
					"name": "VNorth6",
					"from": [ 4.0, -2.0, 8.0 ],
					"to": [ 12.0, 16.0, 8.0 ],
					"shade": false,
					"renderPass": 1,
					"rotationOrigin": [ 8.0, 7.0, 8.0 ],
					"rotationX": -90.0,
					"rotationY": -22.5,
					"rotationZ": 90.0,
					"faces": {
						"south": { "texture": "#branch", "uv": [ 15.75, 0.0, 31.75, 47.0 ], "autoUv": false, "windMode": [1,1,1,1], "windData": [0,0,1,1] }
					}
				},
				{
					"name": "VSouth5",
					"from": [ 4.0, -2.0, 8.0 ],
					"to": [ 12.0, 16.0, 8.0 ],
					"shade": false,
					"renderPass": 1,
					"rotationOrigin": [ 8.0, 7.0, 8.0 ],
					"rotationX": -67.5,
					"rotationY": -180.0,
					"rotationZ": -180.0,
					"faces": {
						"south": { "texture": "#branch", "uv": [ 15.75, 0.0, 31.75, 47.0 ], "autoUv": false, "windMode": [1,1,1,1], "windData": [0,0,1,1] }
					}
				},
				{
					"name": "VSouth6",
					"from": [ 4.0, -2.0, 7.0 ],
					"to": [ 12.0, 16.0, 7.0 ],
					"shade": false,
					"renderPass": 1,
					"rotationOrigin": [ 8.0, 7.0, 7.0 ],
					"rotationX": 67.5,
					"rotationY": -180.0,
					"rotationZ": -180.0,
					"faces": {
						"south": { "texture": "#branch", "uv": [ 15.75, 0.0, 31.75, 47.0 ], "autoUv": false, "windMode": [1,1,1,1], "windData": [0,0,1,1] }
					}
				}
			]
		},
		{
			"name": "Branches",
			"from": [ -3.0, 2.5, -3.0 ],
			"to": [ 19.0, 2.5, 19.0 ],
			"shade": false,
			"climateColorMap": "",
			"seasonColorMap": "",
			"rotationOrigin": [ 8.0, 3.0, 8.0 ],
			"rotationY": -45.0,
			"faces": {
				"up": { "texture": "#branch", "uv": [ 0.25, 0.0, 47.75, 48.0 ], "autoUv": false, "windMode": [1,1,1,1], "windData": [0,0,1,1] }
			}
		},
		{
			"name": "LargeLeaves",
			"from": [ 0.0, -5.0, 0.0 ],
			"to": [ 16.0, 11.0, 16.0 ],
			"shade": false,
			"rotationOrigin": [ 8.0, -5.0, 8.0 ],
			"rotationY": -45.0,
			"faces": {
			},
			"children": [
				{
					"name": "HNorth2.1",
					"from": [ -10.0, 4.0, 8.0 ],
					"to": [ 26.0, 12.0, 8.0 ],
					"shade": false,
					"climateColorMap": "climatePlantTint",
					"seasonColorMap": "seasonalFoliage",
					"renderPass": 1,
					"rotationOrigin": [ 8.0, 8.0, 8.0 ],
					"rotationY": -45.0,
					"rotationZ": -0.41,
					"faces": {
						"south": { "texture": "#leaveslarge", "uv": [ 0.0, 0.0, 16.0, 72.0 ], "rotation": 90, "autoUv": false, "windMode": [1,1,1,1], "windData": [0,0,1,1] }
					}
				},
				{
					"name": "VNorth2.1",
					"from": [ 1.0, -4.0, 8.0 ],
					"to": [ 9.0, 20.0, 8.0 ],
					"shade": false,
					"climateColorMap": "climatePlantTint",
					"seasonColorMap": "seasonalFoliage",
					"renderPass": 1,
					"rotationOrigin": [ 5.0, 8.0, 8.0 ],
					"rotationX": -90.0,
					"rotationY": 45.0,
					"rotationZ": 90.0,
					"faces": {
						"south": { "texture": "#leaveslarge", "uv": [ 0.0, 0.0, 16.0, 72.0 ], "autoUv": false, "windMode": [1,1,1,1], "windData": [0,0,1,1] }
					}
				},
				{
					"name": "VNorth2.2",
					"from": [ 7.0, -4.0, 8.0 ],
					"to": [ 15.0, 20.0, 8.0 ],
					"shade": false,
					"climateColorMap": "climatePlantTint",
					"seasonColorMap": "seasonalFoliage",
					"renderPass": 1,
					"rotationOrigin": [ 11.0, 8.0, 8.0 ],
					"rotationX": 90.0,
					"rotationY": 45.0,
					"rotationZ": -90.0,
					"faces": {
						"south": { "texture": "#leaveslarge", "uv": [ 0.0, 0.0, 16.0, 72.0 ], "autoUv": false, "windMode": [1,1,1,1], "windData": [0,0,1,1] }
					}
				},
				{
					"name": "VSouth2.1",
					"from": [ 4.0, -4.0, 5.0 ],
					"to": [ 12.0, 20.0, 5.0 ],
					"shade": false,
					"climateColorMap": "climatePlantTint",
					"seasonColorMap": "seasonalFoliage",
					"renderPass": 1,
					"rotationOrigin": [ 8.0, 8.0, 5.0 ],
					"rotationX": -45.0,
					"faces": {
						"south": { "texture": "#leaveslarge", "uv": [ 0.0, 0.0, 16.0, 72.0 ], "autoUv": false, "windMode": [1,1,1,1], "windData": [0,0,1,1] }
					}
				},
				{
					"name": "VSouth2.2",
					"from": [ 4.0, -4.0, 11.0 ],
					"to": [ 12.0, 20.0, 11.0 ],
					"shade": false,
					"climateColorMap": "climatePlantTint",
					"seasonColorMap": "seasonalFoliage",
					"renderPass": 1,
					"rotationOrigin": [ 8.0, 8.0, 11.0 ],
					"rotationX": 45.0,
					"faces": {
						"south": { "texture": "#leaveslarge", "uv": [ 0.0, 0.0, 16.0, 72.0 ], "autoUv": false, "windMode": [1,1,1,1], "windData": [0,0,1,1] }
					}
				},
				{
					"name": "HNorth2.2",
					"from": [ -10.0, 4.0, 8.0 ],
					"to": [ 26.0, 12.0, 8.0 ],
					"shade": false,
					"climateColorMap": "climatePlantTint",
					"seasonColorMap": "seasonalFoliage",
					"renderPass": 1,
					"rotationOrigin": [ 8.0, 8.0, 8.0 ],
					"rotationY": 45.0,
					"rotationZ": -0.41,
					"faces": {
						"south": { "texture": "#leaveslarge", "uv": [ 0.0, 0.0, 16.0, 72.0 ], "rotation": 90, "autoUv": false, "windMode": [1,1,1,1], "windData": [0,0,1,1] }
					}
				}
			]
		},
		{
			"name": "Largeberries",
			"from": [ 0.0, -5.0, 0.0 ],
			"to": [ 16.0, 11.0, 16.0 ],
			"shade": false,
			"renderPass": 1,
			"rotationOrigin": [ 8.0, -5.0, 8.0 ],
			"rotationY": -45.0,
			"faces": {
			},
			"children": [
				{
					"name": "HNorth3.1",
					"from": [ -10.0, 4.0, 8.0 ],
					"to": [ 26.0, 12.0, 8.0 ],
					"shade": false,
					"renderPass": 1,
					"rotationOrigin": [ 8.0, 8.0, 8.0 ],
					"rotationY": -45.0,
					"rotationZ": -0.41,
					"faces": {
						"south": { "texture": "#flowerberrylarge", "uv": [ 0.0, 0.0, 16.0, 72.0 ], "rotation": 90, "autoUv": false, "windMode": [1,1,1,1], "windData": [0,0,1,1] }
					}
				},
				{
					"name": "VNorth3.1",
					"from": [ 1.0, -4.0, 8.0 ],
					"to": [ 9.0, 20.0, 8.0 ],
					"shade": false,
					"renderPass": 1,
					"rotationOrigin": [ 5.0, 8.0, 8.0 ],
					"rotationX": -90.0,
					"rotationY": 45.0,
					"rotationZ": 90.0,
					"faces": {
						"south": { "texture": "#flowerberrylarge", "uv": [ 0.0, 0.0, 16.0, 72.0 ], "autoUv": false, "windMode": [1,1,1,1], "windData": [0,0,1,1] }
					}
				},
				{
					"name": "VNorth3.2",
					"from": [ 7.0, -4.0, 8.0 ],
					"to": [ 15.0, 20.0, 8.0 ],
					"shade": false,
					"renderPass": 1,
					"rotationOrigin": [ 11.0, 8.0, 8.0 ],
					"rotationX": 90.0,
					"rotationY": 45.0,
					"rotationZ": -90.0,
					"faces": {
						"south": { "texture": "#flowerberrylarge", "uv": [ 0.0, 0.0, 16.0, 72.0 ], "autoUv": false, "windMode": [1,1,1,1], "windData": [0,0,1,1] }
					}
				},
				{
					"name": "VSouth3.1",
					"from": [ 4.0, -4.0, 5.0 ],
					"to": [ 12.0, 20.0, 5.0 ],
					"shade": false,
					"renderPass": 1,
					"rotationOrigin": [ 8.0, 8.0, 5.0 ],
					"rotationX": -45.0,
					"faces": {
						"south": { "texture": "#flowerberrylarge", "uv": [ 0.0, 0.0, 16.0, 72.0 ], "autoUv": false, "windMode": [1,1,1,1], "windData": [0,0,1,1] }
					}
				},
				{
					"name": "VSouth3.2",
					"from": [ 4.0, -4.0, 11.0 ],
					"to": [ 12.0, 20.0, 11.0 ],
					"shade": false,
					"renderPass": 1,
					"rotationOrigin": [ 8.0, 8.0, 11.0 ],
					"rotationX": 45.0,
					"faces": {
						"south": { "texture": "#flowerberrylarge", "uv": [ 0.0, 0.0, 16.0, 72.0 ], "autoUv": false, "windMode": [1,1,1,1], "windData": [0,0,1,1] }
					}
				},
				{
					"name": "HNorth3.2",
					"from": [ -10.0, 4.0, 8.0 ],
					"to": [ 26.0, 12.0, 8.0 ],
					"shade": false,
					"renderPass": 1,
					"rotationOrigin": [ 8.0, 8.0, 8.0 ],
					"rotationY": 45.0,
					"rotationZ": -0.41,
					"faces": {
						"south": { "texture": "#flowerberrylarge", "uv": [ 0.0, 0.0, 16.0, 72.0 ], "rotation": 90, "autoUv": false, "windMode": [1,1,1,1], "windData": [0,0,1,1] }
					}
				}
			]
		}
	]}